pitcher,game_date,spin_rate,n_pitches
"Buehler, Walker",2021-04-03,2633.579242424,66
"Buehler, Walker",2021-04-09,2643.678103448,58
"Buehler, Walker",2021-04-16,2682.81525,40
"Buehler, Walker",2021-04-22,2666.007058824,51
"Buehler, Walker",2021-04-27,2623.098611111,36
"Buehler, Walker",2021-05-05,2572.311395349,43
"Buehler, Walker",2021-05-11,2584.136222222,45
"Buehler, Walker",2021-05-17,2649.011081081,37
"Buehler, Walker",2021-05-22,2598.532419355,62
"Buehler, Walker",2021-05-28,2629.933421053,38
"Buehler, Walker",2021-06-02,2630.763103448,58
"Buehler, Walker",2021-06-08,2554.584878049,41
"Buehler, Walker",2021-06-13,2562.950769231,52
"Buehler, Walker",2021-06-19,2467.184651163,43
"Buehler, Walker",2021-06-24,2327.798888889,45
"Buehler, Walker",2021-06-29,2339.489090909,44
"Buehler, Walker",2021-07-05,2373.126875,48
"Buehler, Walker",2021-07-10,2386.71325,40
"Buehler, Walker",2021-07-17,2462.505789474,38
"Buehler, Walker",2021-07-22,2367.578076923,26
"Buehler, Walker",2021-07-28,2350.26125,40
"Buehler, Walker",2021-08-03,2356.232631579,38
"Buehler, Walker",2021-08-08,2328.94195122,41
"Buehler, Walker",2021-08-14,2333.068947368,57
"Buehler, Walker",2021-08-20,2320.447631579,38
"Buehler, Walker",2021-08-25,2362.86,54
"Buehler, Walker",2021-08-31,2301.041481481,27
"Buehler, Walker",2021-09-05,2362.614,10
"Buehler, Walker",2021-09-11,2327.973589744,39
"Buehler, Walker",2021-09-17,2349.480714286,28
"Buehler, Walker",2021-09-22,2332.175609756,41
"Buehler, Walker",2021-09-28,2312.252173913,49
"Buehler, Walker",2021-10-03,2326.567096774,31
"Hearn, Taylor",2021-04-01,2192.148928571,28
"Hearn, Taylor",2021-04-06,2331.974615385,28
"Hearn, Taylor",2021-04-09,2293.516842105,19
"Hearn, Taylor",2021-04-12,2274.283529412,34
"Hearn, Taylor",2021-04-15,2251.24,11
"Hearn, Taylor",2021-04-17,2257.259166667,12
"Hearn, Taylor",2021-04-20,2278.960967742,31
"Hearn, Taylor",2021-04-25,2243.487777778,9
"Hearn, Taylor",2021-05-01,2280.0,28
"Hearn, Taylor",2021-05-06,2238.909375,16
"Hearn, Taylor",2021-05-09,2248.0452,25
"Hearn, Taylor",2021-05-14,2205.670588235,17
"Hearn, Taylor",2021-05-19,2238.460909091,11
"Hearn, Taylor",2021-05-21,2350.791333333,15
"Hearn, Taylor",2021-05-27,2211.848947368,19
"Hearn, Taylor",2021-05-30,2254.125,8
"Hearn, Taylor",2021-06-02,2229.1572,25
"Hearn, Taylor",2021-06-06,2291.803333333,24
"Hearn, Taylor",2021-06-08,2317.353,10
"Hearn, Taylor",2021-06-12,2311.014545455,11
"Hearn, Taylor",2021-06-16,2293.445,12
"Hearn, Taylor",2021-06-20,2256.449166667,12
"Hearn, Taylor",2021-06-22,2263.736153846,13
"Hearn, Taylor",2021-06-30,2246.543333333,6
"Hearn, Taylor",2021-07-02,2273.97,3
"Hearn, Taylor",2021-07-05,2325.778333333,12
"Hearn, Taylor",2021-07-07,2301.468,5
"Hearn, Taylor",2021-07-10,2319.95,11
"Hearn, Taylor",2021-07-18,2227.646666667,3
"Hearn, Taylor",2021-07-22,2266.775555556,18
"Hearn, Taylor",2021-07-25,2334.3645,20
"Hearn, Taylor",2021-07-31,2292.865,20
"Hearn, Taylor",2021-08-05,2294.826785714,28
"Hearn, Taylor",2021-08-11,2313.225151515,33
"Hearn, Taylor",2021-08-17,2278.479565217,23
"Hearn, Taylor",2021-08-24,2234.458461538,39
"Hearn, Taylor",2021-08-29,2305.478857143,35
"Hearn, Taylor",2021-09-05,2231.413333333,15
"Hearn, Taylor",2021-09-12,2240.666923077,26
"Hearn, Taylor",2021-09-17,2316.97875,32
"Hearn, Taylor",2021-09-22,2357.402692308,26
"Hearn, Taylor",2021-09-29,2384.792592593,27
"Kopech, Michael",2021-04-02,2623.250454545,22
"Kopech, Michael",2021-04-05,2512.406956522,23
"Kopech, Michael",2021-04-11,2572.980833333,12
"Kopech, Michael",2021-04-15,2560.46875,24
"Kopech, Michael",2021-04-18,2497.29826087,23
"Kopech, Michael",2021-04-25,2549.549259259,55
"Kopech, Michael",2021-05-01,2564.702068966,29
"Kopech, Michael",2021-05-05,2526.645185185,27
"Kopech, Michael",2021-05-08,2558.822,20
"Kopech, Michael",2021-05-14,2517.683414634,41
"Kopech, Michael",2021-05-18,2548.439,10
"Kopech, Michael",2021-05-21,2551.564117647,17
"Kopech, Michael",2021-05-24,2562.750555556,18
"Kopech, Michael",2021-05-26,2524.334166667,12
"Kopech, Michael",2021-07-01,2513.448571429,7
"Kopech, Michael",2021-07-06,2529.791,10
"Kopech, Michael",2021-07-09,2602.452222222,9
"Kopech, Michael",2021-07-11,2530.231666667,6
"Kopech, Michael",2021-07-18,2604.38,7
"Kopech, Michael",2021-07-20,2511.834814815,27
"Kopech, Michael",2021-07-25,2632.219047619,21
"Kopech, Michael",2021-07-27,2490.405,8
"Kopech, Michael",2021-07-28,2566.60875,8
"Kopech, Michael",2021-07-31,2558.678235294,17
"Kopech, Michael",2021-08-03,2655.573,10
"Kopech, Michael",2021-08-06,2632.55875,8
"Kopech, Michael",2021-08-07,2570.83,1
"Kopech, Michael",2021-08-16,2652.352777778,18
"Kopech, Michael",2021-08-19,2609.831428571,7
"Kopech, Michael",2021-08-24,2663.45,6
"Kopech, Michael",2021-08-26,2712.2195,20
"Kopech, Michael",2021-08-29,2625.3025,12
"Kopech, Michael",2021-08-31,2643.776,10
"Kopech, Michael",2021-09-04,2616.32875,16
"Kopech, Michael",2021-09-10,2675.348333333,12
"Kopech, Michael",2021-09-11,2595.362083333,24
"Kopech, Michael",2021-09-15,2691.692222222,27
"Kopech, Michael",2021-09-18,2670.49,8
"Kopech, Michael",2021-09-19,2581.842,5
"Kopech, Michael",2021-09-23,2655.83625,16
"Kopech, Michael",2021-09-26,2673.947272727,11
"Kopech, Michael",2021-09-29,2650.3525,24
"Kopech, Michael",2021-10-03,2673.67375,32
"Rodriguez, Richard",2021-04-01,2473.908333333,12
"Rodriguez, Richard",2021-04-06,2607.656666667,3
"Rodriguez, Richard",2021-04-08,2579.757,10
"Rodriguez, Richard",2021-04-12,2568.509285714,14
"Rodriguez, Richard",2021-04-13,2588.001111111,9
"Rodriguez, Richard",2021-04-18,2558.94047619,21
"Rodriguez, Richard",2021-04-21,2625.64,14
"Rodriguez, Richard",2021-04-22,2639.43,13
"Rodriguez, Richard",2021-04-24,2583.90375,8
"Rodriguez, Richard",2021-04-27,2615.876666667,9
"Rodriguez, Richard",2021-05-02,2602.626666667,6
"Rodriguez, Richard",2021-05-04,2587.919230769,13
"Rodriguez, Richard",2021-05-09,2622.094583333,24
"Rodriguez, Richard",2021-05-11,2575.35,12
"Rodriguez, Richard",2021-05-12,2479.377692308,13
"Rodriguez, Richard",2021-05-14,2479.98,10
"Rodriguez, Richard",2021-05-15,2601.839565217,23
"Rodriguez, Richard",2021-05-20,2596.17037037,27
"Rodriguez, Richard",2021-05-25,2502.917777778,9
"Rodriguez, Richard",2021-05-27,2480.9775,8
"Rodriguez, Richard",2021-05-30,2563.278666667,30
"Rodriguez, Richard",2021-06-03,2646.826666667,6
"Rodriguez, Richard",2021-06-05,2551.185263158,19
"Rodriguez, Richard",2021-06-12,2590.95875,8
"Rodriguez, Richard",2021-06-16,2693.218888889,9
"Rodriguez, Richard",2021-06-18,2559.072857143,14
"Rodriguez, Richard",2021-06-19,2463.830625,16
"Rodriguez, Richard",2021-06-22,2315.803333333,6
"Rodriguez, Richard",2021-06-25,2370.84625,8
"Rodriguez, Richard",2021-07-01,2338.82375,16
"Rodriguez, Richard",2021-07-04,2345.8025,12
"Rodriguez, Richard",2021-07-06,2375.645,14
"Rodriguez, Richard",2021-07-10,2350.725454545,11
"Rodriguez, Richard",2021-07-11,2362.044,10
"Rodriguez, Richard",2021-07-16,2331.337692308,13
"Rodriguez, Richard",2021-07-18,2325.514117647,17
"Rodriguez, Richard",2021-07-23,2342.401,20
"Rodriguez, Richard",2021-07-31,2259.411,10
"Rodriguez, Richard",2021-08-01,2286.065,6
"Rodriguez, Richard",2021-08-04,2279.735,8
"Rodriguez, Richard",2021-08-05,2305.41,16
"Rodriguez, Richard",2021-08-08,2345.656315789,19
"Rodriguez, Richard",2021-08-10,2346.89375,16
"Rodriguez, Richard",2021-08-11,2280.986666667,12
"Rodriguez, Richard",2021-08-13,2408.596666667,12
"Rodriguez, Richard",2021-08-15,2333.668571429,7
"Rodriguez, Richard",2021-08-18,2364.990909091,22
"Rodriguez, Richard",2021-08-21,2362.267,10
"Rodriguez, Richard",2021-08-24,2313.365294118,17
"Rodriguez, Richard",2021-08-28,2315.798823529,17
"Rodriguez, Richard",2021-08-29,2333.552857143,7
"Rodriguez, Richard",2021-09-01,2350.093333333,12
"Rodriguez, Richard",2021-09-02,2382.398571429,7
"Rodriguez, Richard",2021-09-05,2338.109,10
"Rodriguez, Richard",2021-09-08,2283.463333333,15
"Rodriguez, Richard",2021-09-09,2236.492222222,9
"Rodriguez, Richard",2021-09-11,2322.203478261,23
"Rodriguez, Richard",2021-09-14,2263.459090909,11
"Rodriguez, Richard",2021-09-20,2348.563846154,13
"Rodriguez, Richard",2021-09-23,2310.374444444,9
"Rodriguez, Richard",2021-09-25,2318.71,7
"Rodriguez, Richard",2021-09-26,2300.091428571,7
"Rodriguez, Richard",2021-09-29,2296.108333333,6
"Rodriguez, Richard",2021-10-02,2317.68,18
"Taylor, Josh",2021-04-02,2173.4425,4
"Taylor, Josh",2021-04-04,2265.838888889,10
"Taylor, Josh",2021-04-07,2351.705,4
"Taylor, Josh",2021-04-10,2335.906666667,9
"Taylor, Josh",2021-04-15,2257.315714286,7
"Taylor, Josh",2021-04-17,2317.073333333,3
"Taylor, Josh",2021-04-18,2330.923333333,6
"Taylor, Josh",2021-04-21,2243.829166667,12
"Taylor, Josh",2021-04-24,2335.716666667,9
"Taylor, Josh",2021-04-30,2356.862,5
"Taylor, Josh",2021-05-01,2432.31,1
"Taylor, Josh",2021-05-05,2122.615,2
"Taylor, Josh",2021-05-06,2104.26,5
"Taylor, Josh",2021-05-08,2221.655,2
"Taylor, Josh",2021-05-09,2324.4275,8
"Taylor, Josh",2021-05-16,2328.124,5
"Taylor, Josh",2021-05-19,2265.468333333,6
"Taylor, Josh",2021-05-21,2378.15,2
"Taylor, Josh",2021-05-22,2420.155,2
"Taylor, Josh",2021-05-26,2451.54,6
"Taylor, Josh",2021-05-29,2258.733333333,9
"Taylor, Josh",2021-06-02,2359.62,3
"Taylor, Josh",2021-06-06,2206.401428571,7
"Taylor, Josh",2021-06-07,2249.1475,4
"Taylor, Josh",2021-06-10,2385.182857143,7
"Taylor, Josh",2021-06-11,2371.188333333,6
"Taylor, Josh",2021-06-14,2398.24,3
"Taylor, Josh",2021-06-16,2121.12,4
"Taylor, Josh",2021-06-22,2154.664,10
"Taylor, Josh",2021-06-23,2245.764444444,9
"Taylor, Josh",2021-06-24,2100.3,1
"Taylor, Josh",2021-06-28,2189.482,5
"Taylor, Josh",2021-06-30,2138.4825,4
"Taylor, Josh",2021-07-03,2164.144285714,7
"Taylor, Josh",2021-07-05,2212.34,1
"Taylor, Josh",2021-07-10,2188.443333333,3
"Taylor, Josh",2021-07-17,2187.911666667,6
"Taylor, Josh",2021-07-22,2264.725454545,11
"Taylor, Josh",2021-07-24,2312.2975,4
"Taylor, Josh",2021-07-25,2142.32,1
"Taylor, Josh",2021-07-30,2219.252,5
"Taylor, Josh",2021-07-31,2294.404444444,9
"Taylor, Josh",2021-08-04,2243.881428571,7
"Taylor, Josh",2021-08-07,2243.47,2
"Taylor, Josh",2021-08-08,2083.833333333,6
"Taylor, Josh",2021-08-10,2316.97,1
"Taylor, Josh",2021-08-12,2302.395,2
"Taylor, Josh",2021-08-17,2315.596666667,3
"Taylor, Josh",2021-08-18,2231.766666667,9
"Taylor, Josh",2021-08-25,2233.19,1
"Taylor, Josh",2021-08-28,2351.51,2
"Taylor, Josh",2021-08-29,2159.333333333,6
"Taylor, Josh",2021-09-06,2245.005,2
"Taylor, Josh",2021-09-08,2145.82,2
"Taylor, Josh",2021-09-10,2262.701666667,6
"Taylor, Josh",2021-09-11,2287.91,7
"Taylor, Josh",2021-09-13,2240.68,1
"Taylor, Josh",2021-09-15,2184.15,1
"Taylor, Josh",2021-09-22,2233.74,7
"Wells, Tyler",2021-04-04,2382.266875,16
"Wells, Tyler",2021-04-06,2471.125714286,14
"Wells, Tyler",2021-04-08,2435.036153846,13
"Wells, Tyler",2021-04-11,2444.430588235,17
"Wells, Tyler",2021-04-24,2375.438064516,31
"Wells, Tyler",2021-04-28,2392.354,20
"Wells, Tyler",2021-05-07,2329.558888889,9
"Wells, Tyler",2021-05-08,2438.101904762,21
"Wells, Tyler",2021-05-12,2422.499285714,14
"Wells, Tyler",2021-05-15,2462.208235294,17
"Wells, Tyler",2021-05-18,2455.7005,20
"Wells, Tyler",2021-05-21,2482.63,15
"Wells, Tyler",2021-05-24,2462.153333333,6
"Wells, Tyler",2021-06-02,2499.820833333,12
"Wells, Tyler",2021-06-06,2327.21,6
"Wells, Tyler",2021-06-08,2426.501111111,9
"Wells, Tyler",2021-06-11,2450.946,10
"Wells, Tyler",2021-06-14,2433.542142857,14
"Wells, Tyler",2021-06-18,2357.738461538,13
"Wells, Tyler",2021-06-19,2441.12,6
"Wells, Tyler",2021-06-22,2428.06,2
"Wells, Tyler",2021-06-27,2525.14125,8
"Wells, Tyler",2021-06-28,2423.562857143,7
"Wells, Tyler",2021-07-02,2507.061666667,12
"Wells, Tyler",2021-07-04,2557.654166667,14
"Wells, Tyler",2021-07-06,2410.744444444,9
"Wells, Tyler",2021-07-11,2464.798,30
"Wells, Tyler",2021-07-17,2422.331428571,7
"Wells, Tyler",2021-07-19,2578.94125,8
"Wells, Tyler",2021-08-12,2340.063333333,9
"Wells, Tyler",2021-08-17,2473.328571429,7
"Wells, Tyler",2021-08-21,2450.22,8
"Wells, Tyler",2021-08-25,2462.903333333,6
"Wells, Tyler",2021-08-31,2322.59,9
"Wells, Tyler",2021-09-03,2401.62,18
"Wells, Tyler",2021-09-05,2472.298,5
"Wells, Tyler",2021-09-07,2523.35,6
"Wells, Tyler",2021-09-11,2486.3875,20
"Wells, Tyler",2021-09-15,2436.049166667,12
"Wells, Tyler",2021-09-20,2404.478,5
"Wells, Tyler",2021-09-21,2417.30625,8
"Wells, Tyler",2021-09-23,2456.62,7
"Wells, Tyler",2021-09-24,2522.58,1
